xpos,ypos,xzab,yzab,amp
20.111571403581248,41.749357019372624,99439,167241,1668.6295255415757
-122.37124522999244,37.52695162640217,99439,166241,1766.1361575970984
13.801579470990118,189.5631331152683,100439,167241,1923.898548969878
24.758328670332574,-105.4532559190288,98439,167241,1228.9560112221577
170.7530651690029,-99.85017223763967,98439,168241,1345.0614780668693
